[
  {
    "title": "Lesson 1: Hello World",
    "text": "The classic first line of code. Use print() to show a message.",
    "quiz": {
      "question": "What does print('Hello') do?",
      "options": ["Displays Hello", "Saves Hello", "Ignores Hello"],
      "answer": "Displays Hello"
    },
    "project": "print('Hello, Codedex!')"
  },
  {
    "title": "Lesson 2: Variables",
    "text": "Variables store data. You can assign strings or numbers to them.",
    "quiz": {
      "question": "Which is a valid variable name?",
      "options": ["2cool", "first_name", "user-name"],
      "answer": "first_name"
    },
    "project": "name = 'Coder'\nprint('Welcome, ' + name)"
  },
  {
    "title": "Lesson 3: Numbers",
    "text": "Python supports integers and floats. You can do math with them.",
    "quiz": {
      "question": "What is 2 + 3 * 4?",
      "options": ["20", "14", "24"],
      "answer": "14"
    },
    "project": "a = 10\nb = 3\nprint(a * b)"
  },
  {
    "title": "Lesson 4: Strings",
    "text": "Strings are text wrapped in quotes. Use + to combine them.",
    "quiz": {
      "question": "What does 'Hi' + 'there' produce?",
      "options": ["Hi there", "Hithere", "Error"],
      "answer": "Hithere"
    },
    "project": "first = 'Code'\nsecond = 'dex'\nprint(first + second)"
  },
  {
    "title": "Lesson 5: Input",
    "text": "Use input() to get information from the user.",
    "quiz": {
      "question": "What does input('Name?') do?",
      "options": ["Prints Name", "Gets user input", "Exits program"],
      "answer": "Gets user input"
    },
    "project": "name = input('What is your name? ')\nprint('Hello, ' + name)"
  },
  {
    "title": "Lesson 6: Comments",
    "text": "Use # for single-line comments to describe your code.",
    "quiz": {
      "question": "What does # mean in Python?",
      "options": ["Division", "Comment", "Error"],
      "answer": "Comment"
    },
    "project": "# This is a comment\nprint('Hello!')"
  },
  {
    "title": "Lesson 7: Booleans",
    "text": "Booleans represent True or False values.",
    "quiz": {
      "question": "Which is a boolean?",
      "options": ["Yes", "True", "1"],
      "answer": "True"
    },
    "project": "is_coding_fun = True\nprint(is_coding_fun)"
  },
  {
    "title": "Lesson 8: Comparisons",
    "text": "Use comparison operators like ==, !=, <, >.",
    "quiz": {
      "question": "What does 5 == 5 return?",
      "options": ["True", "False", "Error"],
      "answer": "True"
    },
    "project": "print(10 != 5)"
  },
  {
    "title": "Lesson 9: If Statements",
    "text": "Use if to make decisions in your code.",
    "quiz": {
      "question": "What does if do?",
      "options": ["Repeat code", "Store data", "Control flow"],
      "answer": "Control flow"
    },
    "project": "age = 15\nif age >= 13:\n  print('Teenager')"
  },
  {
    "title": "Lesson 10: Else",
    "text": "Use else to run code when if is False.",
    "quiz": {
      "question": "When does else run?",
      "options": ["Always", "Never", "If the if fails"],
      "answer": "If the if fails"
    },
    "project": "num = 3\nif num > 5:\n  print('Big')\nelse:\n  print('Small')"
  },
  {
    "title": "Lesson 11: Elif",
    "text": "Elif lets you check multiple conditions.",
    "quiz": {
      "question": "What is elif short for?",
      "options": ["Else if", "Else loop", "End if"],
      "answer": "Else if"
    },
    "project": "temp = 25\nif temp > 30:\n  print('Hot')\nelif temp > 20:\n  print('Warm')\nelse:\n  print('Cold')"
  },
  {
    "title": "Lesson 12: Lists",
    "text": "Lists store multiple values in one variable.",
    "quiz": {
      "question": "What symbol is used for lists?",
      "options": ["{}", "[]", "()"],
      "answer": "[]"
    },
    "project": "colors = ['red', 'blue', 'green']\nprint(colors[1])"
  },
  {
    "title": "Lesson 13: Loops",
    "text": "Use for loops to repeat code for items in a list.",
    "quiz": {
      "question": "What does a for loop do?",
      "options": ["Store data", "Repeat tasks", "Compare items"],
      "answer": "Repeat tasks"
    },
    "project": "for i in range(3):\n  print('Loop:', i)"
  },
  {
    "title": "Lesson 14: While Loops",
    "text": "While loops run while a condition is true.",
    "quiz": {
      "question": "When does a while loop stop?",
      "options": ["Never", "After 10 loops", "When the condition is False"],
      "answer": "When the condition is False"
    },
    "project": "x = 1\nwhile x <= 5:\n  print(x)\n  x += 1"
  },
  {
    "title": "Lesson 15: Functions",
    "text": "Functions let you reuse code easily.",
    "quiz": {
      "question": "What does def do?",
      "options": ["Define a loop", "Define a function", "End a program"],
      "answer": "Define a function"
    },
    "project": "def greet():\n  print('Hi!')\ngreet()"
  },
  {
    "title": "Lesson 16: Parameters",
    "text": "Parameters let you pass data into functions.",
    "quiz": {
      "question": "What are parameters?",
      "options": ["Function names", "Inputs to functions", "Loop counters"],
      "answer": "Inputs to functions"
    },
    "project": "def greet(name):\n  print('Hello, ' + name)\ngreet('Aeser')"
  },
  {
    "title": "Lesson 17: Return",
    "text": "Use return to get results from a function.",
    "quiz": {
      "question": "What does return do?",
      "options": ["Exits loop", "Ends program", "Gives back a value"],
      "answer": "Gives back a value"
    },
    "project": "def add(a, b):\n  return a + b\nprint(add(3, 4))"
  },
  {
    "title": "Lesson 18: Scope",
    "text": "Scope is where your variable exists.",
    "quiz": {
      "question": "Where is a variable from inside a function valid?",
      "options": ["Everywhere", "Only in that function", "In all files"],
      "answer": "Only in that function"
    },
    "project": "def example():\n  x = 5\n  print(x)\nexample()"
  },
  {
    "title": "Lesson 19: Dictionaries",
    "text": "Dictionaries store key-value pairs.",
    "quiz": {
      "question": "What are dict keys?",
      "options": ["Lists", "Index values", "Identifiers for values"],
      "answer": "Identifiers for values"
    },
    "project": "info = { 'name': 'Aeser', 'age': 13 }\nprint(info['name'])"
  },
  {
    "title": "Lesson 20: Nesting",
    "text": "You can nest lists and dictionaries.",
    "quiz": {
      "question": "What is a nested list?",
      "options": ["List in a list", "Dict in a list", "String in a list"],
      "answer": "List in a list"
    },
    "project": "matrix = [[1, 2], [3, 4]]\nprint(matrix[1][0])"
  },
  {
    "title": "Lesson 21: Import",
    "text": "Use import to access modules and libraries.",
    "quiz": {
      "question": "What does import math do?",
      "options": ["Starts a loop", "Loads math module", "Defines a variable"],
      "answer": "Loads math module"
    },
    "project": "import math\nprint(math.sqrt(25))"
  },
  {
    "title": "Lesson 22: Max Function",
    "text": "The max() function returns the largest item.",
    "quiz": {
      "question": "What is max([1, 2, 3])?",
      "options": ["1", "2", "3"],
      "answer": "3"
    },
    "project": "nums = [4, 8, 1]\nprint(max(nums))"
  },
  {
    "title": "Lesson 23: To-Do App",
    "text": "Let’s build a simple task list using a list.",
    "quiz": {
      "question": "What data type is used to store tasks?",
      "options": ["Dict", "Tuple", "List"],
      "answer": "List"
    },
    "project": "tasks = []\ntasks.append('Code')\nprint(tasks)"
  },
  {
    "title": "Lesson 24: Final Quiz",
    "text": "Review all you’ve learned with a mega quiz!",
    "quiz": {
      "question": "Which keyword defines a function?",
      "options": ["func", "def", "define"],
      "answer": "def"
    },
    "project": "# Take the final quiz and write test functions"
  },
  {
    "title": "Lesson 25: Celebrate!",
    "text": "Congratulations! You've completed the Python course!",
    "quiz": {
      "question": "What should you do now?",
      "options": ["Keep practicing", "Forget everything", "Give up"],
      "answer": "Keep practicing"
    },
    "project": "print('I finished the Python course! 🎉')"
  }
]
